mH,ltime,theta
1.738185865683963,1.6976057622999996e-08,1e-05
1.890819122157525,1.3084960124999997e-08,1e-05
2.056855381981685,1.0105695286999998e-08,1e-05
2.237471587213283,7.789359744688954e-09,1e-05
2.433948029327859,6.003953563495885e-09,1e-05
2.647677424519746,4.9494027855581374e-09,1e-05
2.847306626664305,3.8186220189995475e-09,1e-05
2.958350244547776,2.305040415332609e-09,1e-05
3.157153414429003,1.4065892706467029e-09,1e-05

